model,scope,outcome,n,goal_progress_efficiency_p25,goal_progress_efficiency_median,goal_progress_efficiency_p75,stalled_window_ratio_p25,stalled_window_ratio_median,stalled_window_ratio_p75,oscillatory_stall_window_ratio_p25,oscillatory_stall_window_ratio_median,oscillatory_stall_window_ratio_p75,backtracking_ratio_p25,backtracking_ratio_median,backtracking_ratio_p75,path_length_m_p25,path_length_m_median,path_length_m_p75,duration_s_p25,duration_s_median,duration_s_p75,steps_p25,steps_median,steps_p75,min_clearance_m_p25,min_clearance_m_median,min_clearance_m_p75,mean_clearance_m_p25,mean_clearance_m_median,mean_clearance_m_p75
gru-seed42,all,success,2684,0.6436991322699004,0.715793567348152,0.7735837257380053,0.0,0.02,0.12868663594470045,0.0,0.0,0.07352941176470588,0.041666666666666664,0.08163265306122448,0.13559322033898305,10.366653774275509,11.61129731257117,14.060960680067701,11.75,13.5,16.0,47.0,54.0,64.0,0.17797248449018005,0.20890686268186198,0.26587634395624893,0.7261051794082478,0.9060743134664635,1.1538108117717494
gru-seed42,all,timeout,232,0.13752890040004617,0.27542488618106964,0.3433138903668292,0.41223404255319146,0.5106382978723404,0.5984042553191489,0.3617021276595745,0.46808510638297873,0.5638297872340425,0.27722772277227725,0.32673267326732675,0.3787128712871287,15.665039400373153,16.65855731147682,17.9577501142331,25.25,25.25,25.25,101.0,101.0,101.0,0.14679559500248715,0.1757850700053068,0.19248479727303852,0.40356340860025425,0.49274573570846625,0.6146425986680173
gru-seed42,all,collision,84,0.1825195940126857,0.3932223542170553,0.5508961070939186,0.0,0.05131578947368421,0.2222222222222222,0.0,0.037037037037037035,0.17129629629629628,0.15242165242165243,0.22539682539682537,0.3355263157894737,3.144566934750322,4.234037860949664,6.212963728141127,4.25,5.75,8.0,17.0,23.0,32.0,-0.03279882972460468,-0.013782780491831181,-0.0036330841581721784,0.29852415391435383,0.44797760455626506,0.6581675231354441
gru-seed42,baseline_circle,success,500,0.7447450265195488,0.782247989095948,0.8145427672231251,0.0,0.0,0.0,0.0,0.0,0.0,0.022727272727272728,0.0425531914893617,0.06382978723404255,9.596613933953925,9.989108070674796,10.472052546405667,10.9375,11.25,11.75,43.75,45.0,47.0,0.23614763320048945,0.3534380131525452,0.4834992378991941,0.9908385506744144,1.2270681886410117,1.548270623111851
gru-seed42,baseline_circle,timeout,0,,,,,,,,,,,,,,,,,,,,,,,,,,,
gru-seed42,baseline_circle,collision,0,,,,,,,,,,,,,,,,,,,,,,,,,,,
gru-seed42,baseline_square,success,455,0.6660847156424861,0.7258710890072069,0.7779635379713425,0.0,0.02564102564102564,0.13680926916221034,0.0,0.0,0.06976744186046512,0.04706533776301218,0.09433962264150944,0.13923076923076924,10.037399930698633,10.75373523426458,11.698743595026418,11.5,12.5,13.5,46.0,50.0,54.0,0.17237950562090604,0.20159170471574728,0.23559067204691303,0.7289929307615238,0.8892566672321304,1.0499258856767828
gru-seed42,baseline_square,timeout,39,0.15368719156280206,0.2263180043072796,0.3269375800173533,0.5212765957446809,0.5638297872340425,0.6648936170212766,0.473404255319149,0.5531914893617021,0.5957446808510638,0.3217821782178218,0.3564356435643564,0.39603960396039606,15.408424166567908,16.263939304607867,17.616529923179534,25.25,25.25,25.25,101.0,101.0,101.0,0.16743974022499652,0.17734968894463898,0.199134469181937,0.4569734975726172,0.5973396573265429,0.6423410283984252
gru-seed42,baseline_square,collision,6,0.35393341246050947,0.49103673097912515,0.5669430757373711,0.0,0.0,0.05357142857142857,0.0,0.0,0.05357142857142857,0.13456632653061223,0.20068027210884354,0.2595238095238095,2.653418136891847,3.3497448063165813,4.525104477650719,3.8125,4.625,6.1875,15.25,18.5,24.75,-0.059161927569060996,-0.008542508604093002,-0.0013902024128926715,0.2727335289189161,0.43838022050967296,0.6905315656638868
gru-seed42,dense_circle,success,492,0.6394708637038434,0.6835004084235703,0.7234189527307937,0.0,0.0,0.1,0.0,0.0,0.04081632653061224,0.04,0.07272727272727272,0.11538461538461539,10.786388019920528,11.443700979509275,12.201196767398862,12.25,13.0,13.75,49.0,52.0,55.0,0.19090811108778372,0.21955296037863764,0.27862455782003137,0.7746263804003024,0.8953711364219927,1.0750057598688882
gru-seed42,dense_circle,timeout,5,0.32800739172012433,0.33133565170214363,0.3642864263875735,0.4148936170212766,0.46808510638297873,0.5,0.3617021276595745,0.39361702127659576,0.4148936170212766,0.3069306930693069,0.32673267326732675,0.33663366336633666,18.05284236536549,18.466811185563436,19.134833587140506,25.25,25.25,25.25,101.0,101.0,101.0,0.20184090436477164,0.23639689610642733,0.259724524287381,0.8721675955789999,0.9203306202286778,0.9229844537265818
gru-seed42,dense_circle,collision,3,0.409258486462981,0.41522696912061136,0.43558853248389984,0.09859913793103448,0.10344827586206896,0.10727969348659003,0.04849137931034483,0.0625,0.06828703703703703,0.16025641025641024,0.16666666666666666,0.21568627450980393,7.676907645720494,7.812534348088262,8.330885157835475,8.75,9.0,9.375,35.0,36.0,37.5,-0.015622559351223086,-0.005107798223932147,0.0005848451327418736,0.6926667617958866,0.7277488458803887,0.7557690087225111
gru-seed42,dense_square,success,328,0.5292660693326613,0.5875869195942396,0.6515585236406807,0.09090909090909091,0.14909495077802476,0.21311475409836064,0.02210144927536232,0.09836065573770492,0.15904761904761905,0.12,0.15873015873015872,0.20253164556962025,11.93873213217603,13.267341543729888,14.690434055112727,14.0,16.0,18.75,56.0,64.0,75.0,0.1544088063660347,0.186244085802322,0.2061341738353568,0.5737837691362094,0.6693154832827463,0.7728000723910304
gru-seed42,dense_square,timeout,135,0.10840400577576502,0.2476561132127241,0.3334431005163784,0.425531914893617,0.5106382978723404,0.648936170212766,0.3829787234042553,0.4787234042553192,0.5904255319148937,0.2871287128712871,0.33663366336633666,0.39603960396039606,15.530169006130574,16.26948323788124,17.29638982683001,25.25,25.25,25.25,101.0,101.0,101.0,0.11750560238238106,0.1729307960404921,0.18795727809295043,0.38490594292834757,0.44437012299226886,0.5227302335561554
gru-seed42,dense_square,collision,37,0.16549600990758428,0.3013810354710985,0.42815393844223476,0.0,0.10526315789473684,0.3333333333333333,0.0,0.07142857142857142,0.2222222222222222,0.21052631578947367,0.2631578947368421,0.34210526315789475,2.8942412035038623,3.7333520967547953,5.853988920302143,4.0,5.25,7.5,16.0,21.0,30.0,-0.028007725300442377,-0.01160692870323321,-0.00480773458160022,0.29869586382438024,0.43029201180092325,0.591687945047213
gru-seed42,large_circle,success,476,0.7173738343188106,0.7551573375552317,0.7850413918839427,0.0,0.0,0.08583743842364533,0.0,0.0,0.03225806451612903,0.030303030303030304,0.058823529411764705,0.09090909090909091,15.015729363829399,15.591356647229944,16.384424394653685,16.0,16.75,17.75,64.0,67.0,71.0,0.1914770244317987,0.22060376205548482,0.26326406510885064,0.9038111333743292,1.0999762308069312,1.3821010518013548
gru-seed42,large_circle,timeout,20,0.4963999127312412,0.5128968341518975,0.5293868361548937,0.24202127659574468,0.2553191489361702,0.300531914893617,0.23138297872340424,0.2553191489361702,0.2898936170212766,0.21782178217821782,0.22772277227722773,0.2376237623762376,20.491847158938562,20.89824367416181,21.19450029473933,25.25,25.25,25.25,101.0,101.0,101.0,0.19157818434783058,0.20846538565122086,0.24565088179295455,0.8406713035768245,0.9207620844008298,1.0298342908507938
gru-seed42,large_circle,collision,4,0.5363168689906403,0.5682361453909424,0.5700007368885708,0.0,0.0,0.030303030303030304,0.0,0.0,0.030303030303030304,0.08695652173913043,0.10597826086956522,0.14375,5.458527714175884,7.030371126382906,8.682635601833201,5.75,7.875,10.0,23.0,31.5,40.0,-0.08554259087220362,-0.022295620553510254,0.011865226464974427,0.4376626325879732,0.5619141162988737,0.6835171224105867
gru-seed42,large_square,success,433,0.5798857989825905,0.6539504193620675,0.7214170271866124,0.0,0.12,0.1956521739130435,0.0,0.06666666666666667,0.13953488372093023,0.08620689655172414,0.13333333333333333,0.18518518518518517,10.796830220849168,11.89428267481943,13.489883210948745,13.25,14.5,16.5,53.0,58.0,66.0,0.12831850130093048,0.17451724138913183,0.19939346081484732,0.6153965763577279,0.7298746283840734,0.8679111516881407
gru-seed42,large_square,timeout,33,0.21200521523861734,0.29990900542024124,0.34505921499525966,0.44680851063829785,0.48936170212765956,0.5106382978723404,0.3404255319148936,0.46808510638297873,0.5,0.2871287128712871,0.31683168316831684,0.36633663366336633,15.869827233568369,16.95312654215749,17.46222547606723,25.25,25.25,25.25,101.0,101.0,101.0,0.1551784387435956,0.16819468936452242,0.18651190174556442,0.44977156262904405,0.5046927745316858,0.6264928177980755
gru-seed42,large_square,collision,34,0.16370928427002943,0.4289086539607586,0.5765435400029719,0.0,0.0,0.20625000000000002,0.0,0.0,0.19166666666666668,0.14417989417989419,0.2,0.4,3.5594416177640307,4.228401990547189,6.10795394654062,4.4375,5.625,7.75,17.75,22.5,31.0,-0.04192991365084264,-0.017413772014871765,-0.0050388825545659155,0.2979354618893398,0.4106693748476409,0.5955552391435446
bayes_mean-seed42,all,success,2500,0.6773008353729004,0.7739659250470101,0.8429526439362809,0.0,0.01562881562881563,0.12987012987012986,0.0,0.0,0.08639430284857572,0.023255813953488372,0.06521739130434782,0.12082027168234065,9.383094990081194,10.784359362543963,13.652139036889864,12.0,14.0,17.0,48.0,56.0,68.0,0.17720611097666195,0.20104449413620973,0.2324680810369058,0.6653361276736268,0.8497196430195464,1.1046262815232777
bayes_mean-seed42,all,timeout,415,0.2379347791886941,0.3756014606283145,0.45436262759920737,0.3404255319148936,0.44680851063829785,0.5265957446808511,0.30851063829787234,0.4148936170212766,0.5,0.24752475247524752,0.297029702970297,0.3564356435643564,14.13010160132055,15.205029036650846,16.516482677159445,25.25,25.25,25.25,101.0,101.0,101.0,0.15078248172557757,0.18251432879135765,0.20184321930829796,0.45157124518378766,0.591334118031517,0.8390586505915776
bayes_mean-seed42,all,collision,85,0.29579474908546827,0.4435078361885054,0.6473136232186637,0.0,0.0,0.2857142857142857,0.0,0.0,0.2222222222222222,0.10714285714285714,0.19047619047619047,0.28125,2.2428528743746,3.3345513957111113,4.336292097054803,3.5,5.0,6.75,14.0,20.0,27.0,-0.05258001863956052,-0.019168660602435827,-0.006984580554912467,0.2738208809974728,0.38871418586647694,0.5629329378994303
bayes_mean-seed42,baseline_circle,success,466,0.8351261549949826,0.869765951978013,0.9005705028506314,0.0,0.0,0.0,0.0,0.0,0.0,0.0,0.025,0.05096153846153846,8.60298335902163,8.922061026681924,9.294239674518158,10.75,11.25,12.0,43.0,45.0,48.0,0.2026666032412132,0.22762022813949007,0.30210042421642846,0.7512341651100349,1.0181012606490798,1.4368253175694627
bayes_mean-seed42,baseline_circle,timeout,34,0.4948596485018633,0.5217138469370066,0.5376931503747775,0.46808510638297873,0.5,0.5425531914893617,0.46808510638297873,0.5,0.5212765957446809,0.33663366336633666,0.3564356435643564,0.37623762376237624,13.660933175708328,14.168887844873595,14.719093422089912,25.25,25.25,25.25,101.0,101.0,101.0,0.2146712328231671,0.23819847246518966,0.29652188287154435,0.7663779541137099,0.8482803111116742,1.1307881798480524
bayes_mean-seed42,baseline_circle,collision,0,,,,,,,,,,,,,,,,,,,,,,,,,,,
bayes_mean-seed42,baseline_square,success,457,0.6917576898012702,0.7723663009154271,0.8377787827844927,0.0,0.03333333333333333,0.15384615384615385,0.0,0.0,0.10416666666666667,0.022727272727272728,0.06666666666666667,0.12727272727272726,9.288181696718592,10.049751209200855,11.231214237834378,11.5,12.75,14.5,46.0,51.0,58.0,0.15936065152532053,0.1919796882591882,0.21700704155866946,0.6934025615572024,0.8567023793906434,1.0145892263765688
bayes_mean-seed42,baseline_square,timeout,34,0.22947246499846696,0.36147507895717773,0.4192764805351067,0.42819148936170215,0.5,0.5851063829787234,0.38563829787234044,0.46808510638297873,0.5478723404255319,0.26732673267326734,0.32673267326732675,0.37376237623762376,13.10867659002999,14.958460055658165,15.858306205563771,25.25,25.25,25.25,101.0,101.0,101.0,0.1499504927863753,0.17812609233331933,0.20632545422576257,0.5423510813155223,0.6789398737261158,0.8462806886167163
bayes_mean-seed42,baseline_square,collision,9,0.4735484999767935,0.5722529319563701,0.6435456868401507,0.0,0.0,0.0,0.0,0.0,0.0,0.1111111111111111,0.18181818181818182,0.25,1.2970013139499397,1.8203369327954388,2.00247992046236,2.0,2.75,3.5,8.0,11.0,14.0,-0.040117514657432296,-0.027403210015440993,-0.011379895086534475,0.20838884248382425,0.27042628032155086,0.347205997491375
bayes_mean-seed42,dense_circle,success,469,0.6973562134481225,0.7623206800890946,0.8138636166375345,0.0,0.0,0.10869565217391304,0.0,0.0,0.057692307692307696,0.02127659574468085,0.06,0.1044776119402985,9.552938736312534,10.221419839880028,11.133073668334934,12.5,13.5,14.75,50.0,54.0,59.0,0.1906202166381442,0.2084975329143951,0.24683620669266348,0.6258775889614173,0.7818119794150088,0.9888476588791653
bayes_mean-seed42,dense_circle,timeout,30,0.44023112117322644,0.4854943242115157,0.5245512139284048,0.425531914893617,0.473404255319149,0.48936170212765956,0.40691489361702127,0.43617021276595747,0.4787234042553192,0.10148514851485149,0.24257425742574257,0.31435643564356436,12.53737298798885,14.712314936510015,15.962956735134798,25.25,25.25,25.25,101.0,101.0,101.0,0.19210705900652617,0.20474634890816096,0.2585904421214966,0.45824950023192457,0.5477715733817421,0.785041371358943
bayes_mean-seed42,dense_circle,collision,1,0.6234289546394804,0.6234289546394804,0.6234289546394804,0.0,0.0,0.0,0.0,0.0,0.0,0.10344827586206896,0.10344827586206896,0.10344827586206896,5.31584489693474,5.31584489693474,5.31584489693474,7.25,7.25,7.25,29.0,29.0,29.0,-0.00021636558124971117,-0.00021636558124971117,-0.00021636558124971117,0.5886395064614615,0.5886395064614615,0.5886395064614615
bayes_mean-seed42,dense_square,success,284,0.5383181948657713,0.5999344489295901,0.670998626993992,0.04707792207792208,0.13125512715340443,0.19401186503522433,0.02040816326530612,0.08807369101486749,0.15492957746478872,0.08439265536723163,0.13224043715846995,0.17768429487179488,11.574219263125752,12.942648682391262,14.455912489507876,14.5,17.25,20.25,58.0,69.0,81.0,0.1494878159457316,0.17956425113328156,0.19668188650152962,0.5664102956523489,0.6671035583356539,0.7605710429797812
bayes_mean-seed42,dense_square,timeout,180,0.18140401543024093,0.27261244202870016,0.3665105484314173,0.3377659574468085,0.4574468085106383,0.5851063829787234,0.2978723404255319,0.4148936170212766,0.5319148936170213,0.25495049504950495,0.31683168316831684,0.36633663366336633,14.004653566187972,14.826551812552303,15.801822660435674,25.25,25.25,25.25,101.0,101.0,101.0,0.1456713529111818,0.1742806875641268,0.1909239541915114,0.4069486413195954,0.48500324649749227,0.594819039015245
bayes_mean-seed42,dense_square,collision,36,0.2812732424658502,0.428275713467662,0.524060781135047,0.0,0.0,0.30208333333333337,0.0,0.0,0.21180555555555555,0.12259615384615385,0.245,0.3201754385964912,2.1647811036432563,2.7144468587657857,3.848494873040076,3.4375,4.375,5.3125,13.75,17.5,21.25,-0.05675118458679737,-0.018288702338670526,-0.005689105513659365,0.26225804688896526,0.33814386012998043,0.4538852433564302
bayes_mean-seed42,large_circle,success,483,0.7444772481983903,0.7933051155905756,0.8363357669505826,0.0,0.014925373134328358,0.109375,0.0,0.0,0.08000512032770096,0.017543859649122806,0.058823529411764705,0.10144927536231885,14.060887233179713,14.825726298422726,15.817747751996553,16.5,17.5,19.0,66.0,70.0,76.0,0.1886879152966051,0.20983259241802366,0.25363997363624735,0.8782480676399826,1.130374007562506,1.4867790461113604
bayes_mean-seed42,large_circle,timeout,16,0.4841930549656603,0.5593723934898769,0.59379318360192,0.2765957446808511,0.3191489361702128,0.3643617021276596,0.23138297872340424,0.28191489361702127,0.3377659574468085,0.1311881188118812,0.19801980198019803,0.24257425742574257,16.194787672322384,17.401664628300388,19.01910105674808,25.25,25.25,25.25,101.0,101.0,101.0,0.18590921884363543,0.19918520987684202,0.21982964049548268,0.5589618074109404,0.7194363949386626,1.463179393239072
bayes_mean-seed42,large_circle,collision,1,0.32631406885592285,0.32631406885592285,0.32631406885592285,0.14634146341463414,0.14634146341463414,0.14634146341463414,0.14634146341463414,0.14634146341463414,0.14634146341463414,0.1875,0.1875,0.1875,9.258734787569468,9.258734787569468,9.258734787569468,12.0,12.0,12.0,48.0,48.0,48.0,-0.006984580554912467,-0.006984580554912467,-0.006984580554912467,0.9739172451778413,0.9739172451778413,0.9739172451778413
bayes_mean-seed42,large_square,success,341,0.5937922331407193,0.6805296176323722,0.7659640138475482,0.0,0.0851063829787234,0.19642857142857142,0.0,0.05555555555555555,0.15384615384615385,0.057692307692307696,0.10344827586206896,0.16666666666666666,10.202713868681275,11.434999266692808,13.116178537132926,13.25,15.25,17.75,53.0,61.0,71.0,0.13941579665744264,0.17573246261383024,0.1963059646672758,0.6088475471589702,0.7218429382861605,0.8897464586170767
bayes_mean-seed42,large_square,timeout,121,0.33459825636231927,0.39055277999118615,0.4287309161706225,0.3191489361702128,0.39361702127659576,0.46808510638297873,0.2765957446808511,0.3617021276595745,0.4574468085106383,0.24752475247524752,0.27722772277227725,0.31683168316831684,15.381196967258315,16.339892625254365,17.40423112187562,25.25,25.25,25.25,101.0,101.0,101.0,0.13162730102887854,0.17717697268229116,0.194005498414627,0.5904229715488416,0.8336979629728626,1.0011746582864285
bayes_mean-seed42,large_square,collision,38,0.3000294969451138,0.5104103601407881,0.7000041844166364,0.0,0.03333333333333333,0.3466282894736842,0.0,0.0,0.2388235294117647,0.10390199637023594,0.1539473684210526,0.2685897435897436,3.048314426381226,3.8729231084597453,4.821018554099953,4.75,5.875,7.25,19.0,23.5,29.0,-0.05511246806539502,-0.02231027693831361,-0.007738133721703844,0.37186050056062103,0.44848291874542745,0.6068612791339222
bayes-seed42,all,success,2693,0.6774833862660776,0.786979677565619,0.8519587346526312,0.0,0.0,0.12727272727272726,0.0,0.0,0.078125,0.038461538461538464,0.06976744186046512,0.12962962962962962,9.496222630162007,10.815207450760767,13.401199919515381,12.0,14.0,16.5,48.0,56.0,66.0,0.16991981378386622,0.19924141173646293,0.23991302234408207,0.6449137131506087,0.8231529293140195,1.067265839539769
bayes-seed42,all,timeout,214,0.1030783818289524,0.22967229713496956,0.365031943152344,0.425531914893617,0.5319148936170213,0.648936170212766,0.32180851063829785,0.42021276595744683,0.5319148936170213,0.297029702970297,0.36633663366336633,0.43564356435643564,13.546111154498107,14.71459607511342,16.476422931994062,25.25,25.25,25.25,101.0,101.0,101.0,0.13612839037355207,0.16633584438300636,0.18703219288186548,0.3993620298110424,0.4909317899175919,0.6447959558920033
bayes-seed42,all,collision,93,0.08664605348835536,0.31756022417827473,0.5545997347793588,0.0,0.0625,0.4,0.0,0.05555555555555555,0.3333333333333333,0.125,0.2857142857142857,0.40625,2.030774308171512,3.3414062768417536,4.9719329862703905,3.25,5.0,6.75,13.0,20.0,27.0,-0.041052935979251526,-0.019641977304629243,-0.006311964457579422,0.286506906089101,0.4440627458065931,0.6174587344494918
bayes-seed42,baseline_circle,success,499,0.8113539021943676,0.8491585668147381,0.8816667987392972,0.0,0.0,0.0,0.0,0.0,0.0,0.023255813953488372,0.045454545454545456,0.06818181818181818,8.83204713311754,9.189204923256362,9.588265342858925,10.75,11.25,11.75,43.0,45.0,47.0,0.21195875621392507,0.27211352468603645,0.3779324801568711,0.8527419691663617,1.0617880341701795,1.4230039799587466
bayes-seed42,baseline_circle,timeout,1,0.43167473648199906,0.43167473648199906,0.43167473648199906,0.5957446808510638,0.5957446808510638,0.5957446808510638,0.5957446808510638,0.5957446808510638,0.5957446808510638,0.13861386138613863,0.13861386138613863,0.13861386138613863,8.742868765263232,8.742868765263232,8.742868765263232,25.25,25.25,25.25,101.0,101.0,101.0,0.1917890440848551,0.1917890440848551,0.1917890440848551,0.5456132174832875,0.5456132174832875,0.5456132174832875
bayes-seed42,baseline_circle,collision,0,,,,,,,,,,,,,,,,,,,,,,,,,,,
bayes-seed42,baseline_square,success,452,0.6703774292983988,0.7534721934371307,0.8271580539284438,0.0,0.04706533776301218,0.15614035087719297,0.0,0.02040816326530612,0.10689566777749296,0.04081632653061224,0.09368143922773146,0.14554924242424241,9.410129672474266,10.285974444173036,11.62104194769534,11.5,12.75,14.25,46.0,51.0,57.0,0.16053852461898635,0.18638417053034234,0.2125855739006028,0.6655935900273647,0.8269609956142858,0.9837859454477541
bayes-seed42,baseline_square,timeout,36,0.09385112645134805,0.21640793110798232,0.3725652236752577,0.5292553191489362,0.6170212765957447,0.7074468085106383,0.3803191489361702,0.5053191489361701,0.6170212765957447,0.3094059405940594,0.36633663366336633,0.4504950495049505,12.457421893785913,13.663874436447067,15.04620376605498,25.25,25.25,25.25,101.0,101.0,101.0,0.1568418444659104,0.17550511956554737,0.19887873677549392,0.3887823479880578,0.6278715309843408,0.8152287955116654
bayes-seed42,baseline_square,collision,12,0.023492046624908773,0.1626393726888856,0.3938888229033251,0.0,0.0,0.3611111111111111,0.0,0.0,0.3611111111111111,0.22916666666666666,0.38888888888888884,0.5,1.3372479970197624,1.782371812186571,2.874527203599216,1.6875,2.375,4.3125,6.75,9.5,17.25,-0.054731744179956354,-0.02904642180447886,-0.015459863969858767,0.14075719664960618,0.3579220111358809,0.6064303642909067
bayes-seed42,dense_circle,success,494,0.7185353811761848,0.7755485465370944,0.8208920120955889,0.0,0.0,0.08163265306122448,0.0,0.0,0.03739279588336192,0.045454545454545456,0.06857366771159874,0.10344827586206896,9.490459060475956,10.03954593860006,10.81100792671537,13.0,13.75,14.75,52.0,55.0,59.0,0.19263925897588233,0.21518078835767646,0.25813720545298174,0.6965977008350626,0.8518305802605363,1.030213351851312
bayes-seed42,dense_circle,timeout,3,0.34096958647325587,0.3860993139334657,0.39416304038192457,0.324468085106383,0.46808510638297873,0.5159574468085106,0.2925531914893617,0.46808510638297873,0.5106382978723405,0.10891089108910891,0.1485148514851485,0.22277227722772275,14.222640595377504,18.467099051298067,18.554649788972995,25.25,25.25,25.25,101.0,101.0,101.0,0.14184909880215424,0.14314603776180357,0.1585154261083817,0.47621013936917544,0.5551773026398804,0.5786653769994112
bayes-seed42,dense_circle,collision,3,0.6154616362042484,0.6398846118281887,0.6776502684930565,0.0,0.0,0.027777777777777776,0.0,0.0,0.027777777777777776,0.04251700680272109,0.061224489795918366,0.07061224489795918,6.580715748884327,8.943672826521198,9.079231929237189,8.375,10.5,11.375,33.5,42.0,45.5,-0.05817269473461256,-0.05713728167072951,-0.0390326801262883,0.5189493718933594,0.5252337023520726,0.7522392992775779
bayes-seed42,dense_square,success,334,0.5351385399553998,0.599759749151376,0.6845175024508339,0.08511104617182934,0.16936114732724902,0.2328767123287671,0.0462432915921288,0.11189358372456965,0.17455703211517165,0.11338667303558633,0.1575187969924812,0.21428571428571427,11.366378223732584,12.98643808555973,14.577163441305387,14.5,16.75,19.1875,58.0,67.0,76.75,0.13869147949712318,0.16927915450686826,0.19083053553802048,0.4976120057354537,0.5807457121617121,0.6912225240666812
bayes-seed42,dense_square,timeout,138,0.1040390654995344,0.23210960596849683,0.36170840968769313,0.4148936170212766,0.49468085106382975,0.6063829787234043,0.3404255319148936,0.4148936170212766,0.5,0.3069306930693069,0.3712871287128713,0.43564356435643564,13.716691711553818,14.795292531547819,16.283871571009975,25.25,25.25,25.25,101.0,101.0,101.0,0.13691869335559198,0.16590008794015854,0.18570262230549198,0.38968248759931856,0.482045868200449,0.5610555978703087
bayes-seed42,dense_square,collision,28,0.09425278418827437,0.30159663270462556,0.47338358358647636,0.0,0.04673913043478261,0.40869565217391307,0.0,0.04673913043478261,0.3392857142857143,0.18236714975845408,0.3078947368421052,0.4,2.0221435105674503,2.6890675374726576,3.884826305241955,3.0,4.5,5.75,12.0,18.0,23.0,-0.02577104552283807,-0.014529831052234432,0.0009311063301765954,0.2556306746321514,0.32455950390605753,0.5031266072336865
bayes-seed42,large_circle,success,491,0.8139426202209028,0.8541581781967412,0.8842368079131455,0.0,0.0,0.031746031746031744,0.0,0.0,0.0,0.015625,0.041666666666666664,0.06493506493506493,13.351593888956334,13.838704282264075,14.503315454399814,16.0,16.75,17.75,64.0,67.0,71.0,0.18589015645678292,0.20786115324728582,0.24927491701168814,0.7707227529120961,1.0327921070938157,1.2931688931926062
bayes-seed42,large_circle,timeout,7,0.38862393113375193,0.476375567721775,0.5466434622681191,0.26595744680851063,0.2872340425531915,0.35638297872340424,0.09042553191489361,0.13829787234042554,0.15425531914893617,0.22277227722772278,0.2376237623762376,0.2821782178217822,19.638069584369486,21.11824724087729,22.464929619476706,25.25,25.25,25.25,101.0,101.0,101.0,0.13915170565777674,0.16501491446118832,0.19069351429363002,0.7605806793463198,1.6158248933026667,1.713844585063762
bayes-seed42,large_circle,collision,2,0.13512738003929847,0.27025476007859695,0.4053821401178954,0.015625,0.03125,0.046875,0.015625,0.03125,0.046875,0.41304347826086957,0.6086956521739131,0.8043478260869565,1.5800945006924378,2.7771910803716016,3.9742876600507646,1.8125,3.125,4.4375,7.25,12.5,17.75,-0.014156995726233385,7.436996318538336e-05,0.014305735652604151,0.16123828965701992,0.2657135657918065,0.3701888419265931
bayes-seed42,large_square,success,423,0.5887012272969727,0.6847460006589652,0.7768163235066772,0.0,0.12,0.21052631578947367,0.0,0.06896551724137931,0.15331196581196582,0.06451612903225806,0.12698412698412698,0.18362068965517242,9.982977466700621,11.319240864793725,13.183682285339955,12.75,14.5,16.625,51.0,58.0,66.5,0.13687582521870845,0.17232097231205123,0.19384519079166884,0.5705654356630228,0.6834395042204717,0.7954270557554812
bayes-seed42,large_square,timeout,29,0.0449197309043888,0.18443764837888127,0.3138909509410923,0.425531914893617,0.5638297872340425,0.6808510638297872,0.2765957446808511,0.44680851063829785,0.5638297872340425,0.3564356435643564,0.39603960396039606,0.48514851485148514,13.944949657253076,15.027467277723495,18.12194409171248,25.25,25.25,25.25,101.0,101.0,101.0,0.12361880881990239,0.15783312516470605,0.18675650890669226,0.41833935040551956,0.5764748516602803,0.7640375319474061
bayes-seed42,large_square,collision,48,0.09706923959853678,0.35426082744225207,0.5979484948343241,0.0,0.17914438502673796,0.4464285714285714,0.0,0.08125,0.35,0.12152777777777778,0.2608695652173913,0.4,2.6087488223572084,3.9389762735679286,5.481013534438372,4.0,5.875,6.8125,16.0,23.5,27.25,-0.047451340270790066,-0.018588100059870716,-0.007045477306443976,0.3582311431053822,0.49094931457313973,0.7016758867839211
gru-seed43,all,success,2630,0.6520659956827919,0.7342344195101489,0.8027680388630865,0.0,0.09338662790697674,0.17647058823529413,0.0,0.04210992907801418,0.12,0.03278688524590164,0.09220647773279353,0.14814814814814814,9.918563602940262,11.386985928047151,14.031669732239422,11.75,13.5,16.25,47.0,54.0,65.0,0.15424642012784132,0.18228398799653428,0.2054742628054888,0.5943112834704946,0.7389031414688241,0.9618222849013434
gru-seed43,all,timeout,129,0.20923809323567927,0.2738122617589831,0.3381398326598798,0.4787234042553192,0.5531914893617021,0.6170212765957447,0.44680851063829785,0.5212765957446809,0.5957446808510638,0.2871287128712871,0.32673267326732675,0.37623762376237624,15.929441913167581,16.651931906836538,17.563875954049063,25.25,25.25,25.25,101.0,101.0,101.0,0.11403299199356354,0.15049691557227207,0.17619319372303466,0.3341853768885385,0.38728914170042467,0.483751522438204
gru-seed43,all,collision,241,0.48283258484303154,0.654540287108044,0.7795077091804484,0.0,0.0,0.14285714285714285,0.0,0.0,0.1111111111111111,0.05555555555555555,0.125,0.21428571428571427,3.676033073492807,4.446052198603062,5.331188110359516,5.0,5.75,6.75,20.0,23.0,27.0,-0.06981529667594732,-0.02414330053709246,-0.006744089202973869,0.2844673658347606,0.3784139271258439,0.5241263140426156
gru-seed43,baseline_circle,success,492,0.7693718739790414,0.818232899709934,0.861789586846193,0.0,0.0,0.05442942942942943,0.0,0.0,0.0,0.0,0.0,0.07882352941176471,9.05731245375574,9.536791854573956,10.09829329171588,10.75,11.25,12.0,43.0,45.0,48.0,0.18565046142005967,0.20493568597521938,0.23088165473094707,0.6605363271324062,0.8749219511949311,1.254226510613083
gru-seed43,baseline_circle,timeout,3,0.49443084191288544,0.5132357339804604,0.5137736440117944,0.4787234042553191,0.48936170212765956,0.5106382978723404,0.44680851063829785,0.46808510638297873,0.48404255319148937,0.25742574257425743,0.26732673267326734,0.2722772277227723,14.332559017264488,14.345874887125753,14.813263997945187,25.25,25.25,25.25,101.0,101.0,101.0,0.1692942328949854,0.19061260840716998,0.22418285417989842,1.9289123010894267,1.9628441954709672,2.2723441313085635
gru-seed43,baseline_circle,collision,5,0.7040064511747648,0.7640472053334431,0.7819176378738505,0.0,0.0,0.0,0.0,0.0,0.0,0.0,0.0,0.1111111111111111,2.2487788809529223,4.098397303435965,5.685133960179939,2.5,4.75,6.75,10.0,19.0,27.0,-0.08632665363776726,-0.004018069688839998,0.02630656789235175,0.19537457737646668,0.7431124380839783,0.8189961834058542
gru-seed43,baseline_square,success,474,0.6846620806427146,0.753035626408191,0.8215687649534067,0.0,0.050031269543464665,0.14634146341463414,0.0,0.0,0.09302325581395349,0.023255813953488372,0.08163265306122448,0.12962962962962962,9.481273022578081,10.336193489201104,11.404897936799257,11.0,12.25,13.5,44.0,49.0,54.0,0.15780120907016684,0.18324054530843664,0.2084833346321258,0.6272505178663219,0.7543011335473819,0.9533208463087506
gru-seed43,baseline_square,timeout,12,0.1585064409411426,0.2331558268555347,0.26468414145867036,0.5079787234042553,0.5957446808510638,0.6436170212765957,0.5026595744680851,0.574468085106383,0.6223404255319149,0.31683168316831684,0.36633663366336633,0.40594059405940597,15.78406900451201,16.475086463681695,16.844575867926597,25.25,25.25,25.25,101.0,101.0,101.0,0.14483891538904092,0.1623431287880885,0.18260287542971315,0.45389344313997343,0.5343623590478277,0.6194166069112913
gru-seed43,baseline_square,collision,14,0.5041645701720884,0.6291397060854107,0.7089217504164713,0.0,0.0,0.0,0.0,0.0,0.0,0.07857142857142857,0.1208133971291866,0.19687500000000002,2.320054202409329,3.430430395583037,4.102317106308233,3.125,4.5,5.375,12.5,18.0,21.5,-0.04046725486859207,-0.022799666495466553,-0.016075718218943297,0.43591704029990186,0.5447320297552966,0.7213238567546885
gru-seed43,dense_circle,success,405,0.6261906740079205,0.682572632446251,0.726867085071185,0.0784313725490196,0.16071428571428573,0.2222222222222222,0.022222222222222223,0.08695652173913043,0.15217391304347827,0.0784313725490196,0.1276595744680851,0.16666666666666666,10.699549408591157,11.432551580966681,12.426617215394462,12.75,13.5,14.5,51.0,54.0,58.0,0.16030478175193497,0.18306746788965533,0.20192346789719728,0.5783867639162531,0.712149513733515,0.9151726971887609
gru-seed43,dense_circle,timeout,4,0.35463189372436343,0.40587743717887614,0.45679246885555297,0.401595744680851,0.4308510638297872,0.4627659574468085,0.401595744680851,0.42021276595744683,0.4468085106382979,0.2623762376237624,0.27722772277227725,0.2896039603960396,16.162868614307875,17.218910553452446,18.02377125575899,25.25,25.25,25.25,101.0,101.0,101.0,0.17121190575631956,0.18745423402505973,0.20201412412281725,0.621728310010708,1.2254940359645907,1.8502804937177921
gru-seed43,dense_circle,collision,91,0.7155694028343293,0.7708770232763172,0.8193908412551998,0.0,0.0,0.020833333333333332,0.0,0.0,0.0,0.045454545454545456,0.09090909090909091,0.14285714285714285,4.303858701079237,4.747267866131579,5.247597963248859,5.5,6.25,6.75,22.0,25.0,27.0,-0.09134917136501436,-0.030055216802664986,-0.010137134416101867,0.28903997764845335,0.37613104917687956,0.46384346106907237
gru-seed43,dense_square,success,345,0.5451048857785807,0.6254272106936474,0.7025570873533786,0.05172413793103448,0.1568627450980392,0.22535211267605634,0.017543859649122806,0.10606060606060606,0.16666666666666666,0.09090909090909091,0.14925373134328357,0.19696969696969696,11.01309067874465,12.43992154802344,14.264280384632078,13.0,15.0,17.0,52.0,60.0,68.0,0.11150848414558867,0.15587653363821297,0.18278818707493505,0.48611690258997714,0.5607037772928766,0.6571730936567689
gru-seed43,dense_square,timeout,91,0.2078709193957186,0.2731836313230739,0.32811132719480096,0.48936170212765956,0.5531914893617021,0.6170212765957447,0.4574468085106383,0.5319148936170213,0.5957446808510638,0.297029702970297,0.33663366336633666,0.37623762376237624,15.984711727192998,16.639041145926573,17.453106545491757,25.25,25.25,25.25,101.0,101.0,101.0,0.11054476339729313,0.14092659743287672,0.17382479742409013,0.31677565055514795,0.3535850373451374,0.4040241478506291
gru-seed43,dense_square,collision,64,0.327068459467148,0.45572679640932146,0.5968432094379047,0.0,0.08012820512820512,0.273989898989899,0.0,0.029411764705882353,0.25,0.10275689223057644,0.2,0.2922794117647059,3.154560436404159,4.023273975203658,4.560927048844326,4.4375,5.125,6.0,17.75,20.5,24.0,-0.04098117470054785,-0.019470797821605712,-0.005376262211067601,0.2669222355942553,0.33284403874470503,0.4216354757814232
gru-seed43,large_circle,success,482,0.7216536074258758,0.7611852345213626,0.8006521485357423,0.0,0.08696309739866909,0.13636363636363635,0.0,0.043478260869565216,0.10108695652173913,0.04411764705882353,0.07575757575757576,0.1111111111111111,14.702127254034554,15.46633131999872,16.33560396616683,16.5,17.25,18.25,66.0,69.0,73.0,0.15747076288747633,0.17974819928864938,0.19800020939984095,0.7304446068514439,0.8874842985902112,1.1398303370083163
gru-seed43,large_circle,timeout,2,0.515358949012169,0.529003067829861,0.5426471866475528,0.2765957446808511,0.2872340425531915,0.2978723404255319,0.2579787234042553,0.2712765957446808,0.2845744680851064,0.1806930693069307,0.19306930693069307,0.20544554455445546,20.76100081456839,21.24184041190217,21.72268000923595,25.25,25.25,25.25,101.0,101.0,101.0,0.2576497518125728,0.3588883951589268,0.46012703850528075,2.0810633750897636,2.2690997707913647,2.4571361664929663
gru-seed43,large_circle,collision,16,0.5953918386164991,0.6601621617313809,0.8593136508186121,0.0,0.015151515151515152,0.07208994708994709,0.0,0.015151515151515152,0.06539351851851852,0.027777777777777776,0.06691176470588235,0.14390756302521007,5.8677101937374,6.962812217603677,8.221843759149268,6.6875,8.5,9.8125,26.75,34.0,39.25,-0.07707321701371955,-0.018461626913827744,-0.0040789207535408545,0.28071571093018327,0.3310102073370966,0.4629918140815656
gru-seed43,large_square,success,432,0.5868281343973113,0.6632108306705995,0.7614543282580821,0.0,0.13896551724137932,0.20705920624593363,0.0,0.08113890717577353,0.1593181818181818,0.07142857142857142,0.13676212741087085,0.18038479052823314,10.19204835836321,11.692854960624178,13.253934271003892,12.5,14.0,16.0,50.0,56.0,64.0,0.129473262149403,0.1688512963912449,0.19734515043426976,0.5659669052029527,0.6817007884338118,0.8129126714023044
gru-seed43,large_square,timeout,17,0.21284359437759015,0.2805251662563826,0.33359519177768493,0.48936170212765956,0.5531914893617021,0.5851063829787234,0.46808510638297873,0.5106382978723404,0.5319148936170213,0.297029702970297,0.31683168316831684,0.37623762376237624,16.143318333577923,16.989026251673316,18.252912761360726,25.25,25.25,25.25,101.0,101.0,101.0,0.08927502256678577,0.15049691557227207,0.166741396725543,0.39327443065685275,0.5649808327367989,0.6362525679401239
gru-seed43,large_square,collision,51,0.3216472362337881,0.5191428138344113,0.6725551760125541,0.0,0.0625,0.3619047619047619,0.0,0.0,0.3076923076923077,0.09307359307359307,0.17391304347826086,0.29734848484848486,3.2504271473439155,4.023156527833757,5.61050467025214,4.5,5.75,7.25,18.0,23.0,29.0,-0.047921043020088205,-0.024760842871072608,-0.0027003770190511256,0.3356358259940725,0.46522853961300253,0.6182403726694172
bayes_mean-seed43,all,success,2396,0.6552644580901072,0.7505482041923944,0.8254905729508708,0.0,0.02,0.1346153846153846,0.0,0.0,0.1,0.04,0.08695652173913043,0.14754098360655737,9.72803465619629,11.195897939608844,13.679333026727067,11.75,14.0,16.5,47.0,56.0,66.0,0.17879437384380228,0.2005933718815336,0.2296226619532227,0.655282609036705,0.8254282085807572,1.0803876431691015
bayes_mean-seed43,all,timeout,510,0.20732408689185186,0.3383216083204882,0.43461792680317846,0.26595744680851063,0.37765957446808507,0.550531914893617,0.2127659574468085,0.3404255319148936,0.48936170212765956,0.2376237623762376,0.31683168316831684,0.39603960396039606,14.893395408555541,16.46231501060577,19.082149919911213,25.25,25.25,25.25,101.0,101.0,101.0,0.16039296816874005,0.1852678306102024,0.20396167622453992,0.5046862447752286,0.6505393567441833,0.9248979897518763
bayes_mean-seed43,all,collision,94,0.22707325590621874,0.4500877921798585,0.6016315594394375,0.0,0.0,0.3057692307692308,0.0,0.0,0.278030303030303,0.10526315789473684,0.187683284457478,0.3333333333333333,1.9572881708613292,3.154107220156914,4.183800789328208,3.0625,4.75,5.9375,12.25,19.0,23.75,-0.06095456456762424,-0.0291836541080287,-0.005673303404908681,0.21249868943448194,0.3349074249666911,0.5868086621938278
bayes_mean-seed43,baseline_circle,success,497,0.8143855740626512,0.8597427443539716,0.9110800439978006,0.0,0.0,0.0,0.0,0.0,0.0,0.0,0.022222222222222223,0.047619047619047616,8.536169104044141,9.07268761893743,9.542717096193034,10.25,11.0,11.5,41.0,44.0,46.0,0.19304270782213506,0.21380377707984044,0.2746783855128845,0.6634882592495792,0.9248984025790908,1.3491768994515365
bayes_mean-seed43,baseline_circle,timeout,2,0.4940287482738992,0.515330510358466,0.5366322724430327,0.5079787234042553,0.526595744680851,0.5452127659574468,0.4973404255319149,0.5053191489361702,0.5132978723404256,0.1905940594059406,0.2128712871287129,0.23514851485148516,13.346384192891584,13.988451603458369,14.630519014025154,25.25,25.25,25.25,101.0,101.0,101.0,0.15351339598181976,0.16200734465853955,0.17050129333525935,0.4046177997351011,0.5126793387902818,0.6207408778454626
bayes_mean-seed43,baseline_circle,collision,1,0.8945989668408036,0.8945989668408036,0.8945989668408036,0.0,0.0,0.0,0.0,0.0,0.0,0.07142857142857142,0.07142857142857142,0.07142857142857142,3.194889654733704,3.194889654733704,3.194889654733704,3.5,3.5,3.5,14.0,14.0,14.0,-0.1500634347400015,-0.1500634347400015,-0.1500634347400015,0.1289317142037978,0.1289317142037978,0.1289317142037978
bayes_mean-seed43,baseline_square,success,425,0.647769832411387,0.721272262383225,0.7889267968167761,0.0,0.06818181818181818,0.15384615384615385,0.0,0.03125,0.12244897959183673,0.047619047619047616,0.0967741935483871,0.14285714285714285,9.84000642225683,10.741556659840247,11.942599995670067,11.75,13.0,15.25,47.0,52.0,61.0,0.1752118723206253,0.19638391175509595,0.22789195486139602,0.7336032391834405,0.8812133394203614,1.0652019975546283
bayes_mean-seed43,baseline_square,timeout,65,0.19151085902791778,0.2998967071247599,0.38428295201362106,0.35106382978723405,0.5319148936170213,0.6382978723404256,0.30851063829787234,0.4787234042553192,0.5638297872340425,0.26732673267326734,0.3564356435643564,0.4158415841584158,13.958769345280153,15.650490427893804,16.851777400548848,25.25,25.25,25.25,101.0,101.0,101.0,0.17113690346757127,0.1920549170837973,0.2113951142689755,0.5277094802059323,0.734745639365998,0.9765248606668709
bayes_mean-seed43,baseline_square,collision,10,0.18975205029179157,0.43251179357160063,0.606267756366308,0.0,0.0,0.125,0.0,0.0,0.125,0.06832298136645962,0.2033333333333333,0.3388157894736842,1.1294088730504104,1.61100353446221,3.180394488430128,1.5625,2.25,4.3125,6.25,9.0,17.25,-0.044244294828391095,-0.03151810443891684,-0.007062312876020799,0.15140152029771298,0.25043729406301235,0.4298660549445943
bayes_mean-seed43,dense_circle,success,471,0.673371302210708,0.7322024791783336,0.7756457252822729,0.0,0.04878048780487805,0.14285714285714285,0.0,0.02564102564102564,0.11342195540308747,0.04706533776301218,0.09433962264150944,0.14784456587735276,10.032872462516895,10.607823381837171,11.544540374172534,12.25,13.25,14.5,49.0,53.0,58.0,0.18760938414172917,0.20636614948569454,0.23013350212895295,0.6275486411963289,0.7921382249793273,1.0172122595746766
bayes_mean-seed43,dense_circle,timeout,24,0.36047565810950577,0.3959895881681639,0.4363351320489466,0.3191489361702128,0.37765957446808507,0.4148936170212766,0.2074468085106383,0.3404255319148936,0.40691489361702127,0.2376237623762376,0.26732673267326734,0.297029702970297,16.516248425855906,18.13231931940755,19.119544814605597,25.25,25.25,25.25,101.0,101.0,101.0,0.18429395360850603,0.1939986905920319,0.20650478194392208,0.7582463921659148,0.8964365748468663,1.3815859760814304
bayes_mean-seed43,dense_circle,collision,5,0.42166307397929625,0.8535952350208825,0.873567138639631,0.0,0.0,0.1590909090909091,0.0,0.0,0.1590909090909091,0.0,0.038461538461538464,0.19607843137254902,4.170241461064294,4.53228450800488,7.461864953565263,6.5,6.5,10.0,26.0,26.0,40.0,-0.075350312550297,-0.03301138435404227,-0.013443267935339787,0.18422740477291688,0.20814089879085,0.5817204413134455
bayes_mean-seed43,dense_square,success,224,0.5239282054782968,0.5866278123420321,0.6565728782235732,0.06030478955007257,0.13224043715846995,0.1906099518459069,0.03362045012503473,0.08620689655172414,0.15309725585149314,0.11940298507462686,0.17316341829085458,0.2288998357963875,11.894748540459215,13.245897866256083,14.8370619322009,15.25,17.25,20.25,61.0,69.0,81.0,0.1584698996968045,0.18589920288853895,0.2030259628628484,0.5850338355023985,0.6936482478335773,0.7980582390764548
bayes_mean-seed43,dense_square,timeout,241,0.16345626373147995,0.24506941452710698,0.3496762617627252,0.2978723404255319,0.44680851063829785,0.5957446808510638,0.2553191489361702,0.39361702127659576,0.5319148936170213,0.3069306930693069,0.36633663366336633,0.4158415841584158,14.520438565903357,15.6351217960238,17.005186438674112,25.25,25.25,25.25,101.0,101.0,101.0,0.15269363198551078,0.17928679635120837,0.19611356381413014,0.465421778206811,0.54689628592014,0.6637059294876412
bayes_mean-seed43,dense_square,collision,35,0.09920522227429254,0.3722829007025904,0.4906888943154878,0.0,0.0,0.5,0.0,0.0,0.5,0.14835164835164835,0.25,0.4365079365079365,1.7405801380206787,2.0602271053363075,2.8537282885604034,2.375,3.25,4.375,9.5,13.0,17.5,-0.0522102839226275,-0.025982184690494514,-0.007861869063023497,0.18827075557651643,0.27540192380678497,0.37974396811861344
bayes_mean-seed43,large_circle,success,402,0.7643167814811733,0.8051575467545662,0.8391559578252559,0.0,0.0,0.06751412429378531,0.0,0.0,0.056746031746031746,0.045454545454545456,0.06711711711711713,0.1044776119402985,14.046328552344907,14.636152254694865,15.3698399054099,15.75,16.625,18.0,63.0,66.5,72.0,0.1879942228262351,0.20509133677725394,0.23415071337584392,0.7242832351141877,0.9752355855741714,1.4008203984001568
bayes_mean-seed43,large_circle,timeout,95,0.47381914691705285,0.5089534556635946,0.5530956676157731,0.18085106382978725,0.23404255319148937,0.2872340425531915,0.13829787234042554,0.22340425531914893,0.28191489361702127,0.16831683168316833,0.18811881188118812,0.19801980198019803,19.83958875248463,21.007622331160466,21.791591189959416,25.25,25.25,25.25,101.0,101.0,101.0,0.18294446134979958,0.20180926666149124,0.22187499638640856,0.9112606233235638,1.1839962055025681,1.511314842541975
bayes_mean-seed43,large_circle,collision,3,0.5950127842168741,0.6183322512705549,0.7745208966666625,0.0,0.0,0.09302325581395349,0.0,0.0,0.05813953488372093,0.060227272727272727,0.075,0.1375,6.216128040092721,7.8197437032141455,9.429939069969553,7.75,10.0,11.25,31.0,40.0,45.0,-0.07417745749615484,-0.06427976135375157,-0.03830513035751365,0.3381743906309362,0.4861790259023425,0.9165049851528086
bayes_mean-seed43,large_square,success,377,0.5748093017901663,0.6379129644189728,0.7119631393707759,0.013513513513513514,0.12,0.19402985074626866,0.0,0.08064516129032258,0.15942028985507245,0.0967741935483871,0.15,0.20270270270270271,10.92003444057203,12.182613581123064,13.546956812296585,14.0,16.0,18.5,56.0,64.0,74.0,0.13606799389698154,0.17958372998617533,0.20292144852315297,0.6341637720968234,0.7588103913174176,0.9122378470545122
bayes_mean-seed43,large_square,timeout,83,0.19898422591723766,0.3321368412232623,0.39756358198294905,0.2978723404255319,0.40425531914893614,0.5159574468085106,0.22872340425531915,0.35106382978723405,0.4574468085106383,0.26732673267326734,0.31683168316831684,0.38613861386138615,14.997576159874537,16.459357804345792,17.988095340590217,25.25,25.25,25.25,101.0,101.0,101.0,0.1350315539792301,0.17785649024131356,0.19854023403269966,0.5078229286600522,0.6146796423872021,0.7878146536973807
bayes_mean-seed43,large_square,collision,40,0.35770291875939625,0.5191384162472852,0.6583424330386675,0.0,0.0,0.3177257525083612,0.0,0.0,0.3019230769230769,0.10394736842105262,0.16954022988505746,0.32196969696969696,3.113115906936663,3.671013513836334,4.994037213035175,4.6875,5.5,6.5625,18.75,22.0,26.25,-0.05676297878368877,-0.028194017849835218,-0.0024726457197404295,0.30285237352066374,0.47916122742575784,0.6959247791468808
bayes-seed43,all,success,2431,0.6520963892920209,0.7327378755809039,0.7973319084889223,0.0,0.061224489795918366,0.15555555555555556,0.0,0.022727272727272728,0.1111111111111111,0.057971014492753624,0.10714285714285714,0.16,9.991201984868027,11.304838716686096,14.004571193199677,12.5,15.0,18.0,50.0,60.0,72.0,0.1783486492733033,0.20680759661061687,0.244938505461747,0.7283601755312763,0.8976476285623414,1.1519294626310468
bayes-seed43,all,timeout,510,0.0,0.19948956787878508,0.36295032691210294,0.4148936170212766,0.5638297872340425,0.6702127659574468,0.3404255319148936,0.46808510638297873,0.5957446808510638,0.297029702970297,0.36633663366336633,0.4752475247524752,13.348585781530335,15.24376120499333,17.164110590045137,25.25,25.25,25.25,101.0,101.0,101.0,0.1726544290946582,0.19459291505715615,0.2162152192130892,0.5604250483926561,0.7409618930398811,1.104575085144615
bayes-seed43,all,collision,59,0.06041592448950422,0.24009223736865215,0.40007395381683336,0.01020408163265306,0.3333333333333333,0.5,0.01020408163265306,0.3076923076923077,0.5,0.2,0.3,0.4127789046653144,1.9255651476449371,2.7673901681391153,3.504771264806638,2.875,4.25,5.5,11.5,17.0,22.0,-0.05049182216964215,-0.02043245235424207,-0.00395813260025657,0.25123214993188925,0.4198031533463811,0.5680044821172516
bayes-seed43,baseline_circle,success,498,0.7784081381160969,0.8219504325771703,0.8538619266550482,0.0,0.0,0.0,0.0,0.0,0.0,0.0,0.043478260869565216,0.08122448979591837,9.08432641240033,9.447540992452828,9.954049267419427,10.75,11.5,12.5,43.0,46.0,50.0,0.20167665124795514,0.22949570022507826,0.2929955492965022,0.8307317498596751,1.088120988099194,1.413412057681448
bayes-seed43,baseline_circle,timeout,2,0.541920314426882,0.5560129967122911,0.5701056789977001,0.4707446808510638,0.48404255319148937,0.4973404255319149,0.36170212765957444,0.3936170212765957,0.425531914893617,0.2599009900990099,0.2722772277227723,0.28465346534653463,13.146031855160313,13.501034099570749,13.856036343981184,25.25,25.25,25.25,101.0,101.0,101.0,0.18242831931853926,0.18291409055021945,0.18339986178189965,0.5373577676702851,0.5651690550706584,0.5929803424710317
bayes-seed43,baseline_circle,collision,0,,,,,,,,,,,,,,,,,,,,,,,,,,,
bayes-seed43,baseline_square,success,409,0.6494259619518004,0.717485555007022,0.775915426875732,0.0,0.10638297872340426,0.16666666666666666,0.0,0.05555555555555555,0.11864406779661017,0.07547169811320754,0.1206896551724138,0.16981132075471697,10.017919798771985,10.829050666193607,11.944859129337022,12.25,13.75,15.5,49.0,55.0,62.0,0.16912099074897058,0.19568414250187294,0.22536807914330248,0.7132675124942679,0.8725225071628874,1.083326616336093
bayes-seed43,baseline_square,timeout,83,0.04321505292318281,0.2700499401579675,0.40564450177687017,0.5372340425531914,0.6170212765957447,0.7127659574468085,0.43617021276595747,0.5531914893617021,0.6170212765957447,0.2871287128712871,0.36633663366336633,0.4603960396039604,11.042687623669414,13.802070630897507,15.878005140439516,25.25,25.25,25.25,101.0,101.0,101.0,0.18082108498244903,0.20140521352329643,0.23569819395076635,0.5740427731062132,0.8226552984472543,1.1119495251658134
bayes-seed43,baseline_square,collision,8,0.1599158607993135,0.44285090651987696,0.6463367236364493,0.0,0.0,0.21250000000000002,0.0,0.0,0.21250000000000002,0.18571428571428572,0.26785714285714285,0.3868421052631579,0.988149120922829,1.3300279134560118,1.7868528339576635,1.75,2.125,2.625,7.0,8.5,10.5,-0.07093982472311137,-0.015509829866009739,-0.007036475776676265,0.18283585021396545,0.21282941479290013,0.3728238271298076
bayes-seed43,dense_circle,success,493,0.6756523831673025,0.7279919551393345,0.7706857071636165,0.0,0.06557377049180328,0.12962962962962962,0.0,0.021739130434782608,0.0851063829787234,0.07142857142857142,0.10909090909090909,0.15517241379310345,10.087379850686213,10.70244501337382,11.532139307923936,13.0,14.0,15.5,52.0,56.0,62.0,0.19385326288832605,0.21782631763442561,0.2592860445246513,0.7076395831601215,0.8482819345048919,1.0259877793167431
bayes-seed43,dense_circle,timeout,7,0.0,0.038016353906585094,0.41748898468526274,0.4095744680851064,0.5851063829787234,0.7287234042553191,0.3670212765957447,0.4148936170212766,0.648936170212766,0.33168316831683164,0.42574257425742573,0.47029702970297027,15.82249217317317,15.994027540490102,16.80672115507683,25.25,25.25,25.25,101.0,101.0,101.0,0.18285767640187134,0.19386754544708917,0.1975206394523829,0.6293705650751946,0.7466109293744287,1.1471022209525625
bayes-seed43,dense_circle,collision,0,,,,,,,,,,,,,,,,,,,,,,,,,,,
bayes-seed43,dense_square,success,216,0.5398895122511874,0.5951353878339507,0.6575492209480833,0.13308823529411765,0.17214439655172414,0.2285727013542409,0.08,0.12347560975609756,0.1831134892981583,0.13313253012048193,0.1746031746031746,0.2122159090909091,11.800363508328953,13.087034387384794,14.380761866156561,15.5,18.0,21.0,62.0,72.0,84.0,0.15684476629590097,0.18949012570380203,0.21376393764386123,0.5994981792143854,0.725249513081729,0.8596536305559721
bayes-seed43,dense_square,timeout,266,0.0,0.1515149547940726,0.315413156908392,0.43617021276595747,0.5585106382978724,0.648936170212766,0.35106382978723405,0.4574468085106383,0.5531914893617021,0.3193069306930693,0.39603960396039606,0.48514851485148514,13.604148067576288,15.371006400488717,17.046523783818625,25.25,25.25,25.25,101.0,101.0,101.0,0.17808008052995755,0.19603731362368704,0.21595450097184052,0.5462805864174599,0.7032892348241504,1.2265534851325357
bayes-seed43,dense_square,collision,18,0.006427919839699802,0.15482674809455002,0.4806311498635399,0.025,0.358974358974359,0.5416666666666667,0.016666666666666666,0.19871794871794873,0.5,0.17780748663101606,0.24556962025316456,0.4443573667711599,1.9232751251451945,2.334988257691461,3.0256446316906844,2.875,4.0,5.0,11.5,16.0,20.0,-0.04611051997686191,-0.023614227645427588,-0.003448791461705819,0.1662976575538679,0.27384985071783996,0.46070330266519455
bayes-seed43,large_circle,success,477,0.7006161799008703,0.7512627944704279,0.7992575603162997,0.0,0.015625,0.09333333333333334,0.0,0.0,0.05970149253731343,0.057971014492753624,0.0945945945945946,0.13095238095238096,14.752000504028567,15.703408702737528,16.798481286294706,17.5,18.75,20.25,70.0,75.0,81.0,0.18101567161472054,0.20751721152346847,0.24281203063861345,0.8699452959115594,1.105913881761715,1.473920122897178
bayes-seed43,large_circle,timeout,23,0.5489464345992177,0.5732276296251748,0.5995162897955266,0.21808510638297873,0.2553191489361702,0.30319148936170215,0.1382978723404255,0.2127659574468085,0.26595744680851063,0.2079207920792079,0.22772277227722773,0.24752475247524752,18.45390001098481,19.42906342130741,20.23273746745523,25.25,25.25,25.25,101.0,101.0,101.0,0.18493779002964295,0.21752162118387397,0.22636085069967588,0.7836992904354547,0.9774149820666012,1.320551346726253
bayes-seed43,large_circle,collision,0,,,,,,,,,,,,,,,,,,,,,,,,,,,
bayes-seed43,large_square,success,338,0.5559130883784221,0.616988379892929,0.7023073270462176,0.12384259259259259,0.2,0.25,0.08410493827160494,0.15301003344481606,0.20833333333333334,0.125,0.1675438596491228,0.2130275549354726,11.08497029960649,12.619063038512689,14.011815328865172,15.25,17.0,19.5,61.0,68.0,78.0,0.15567743166251624,0.18607850879251858,0.20841221952058034,0.6591547686036966,0.803907670177507,0.930719477253618
bayes-seed43,large_square,timeout,129,0.0,0.19241807666965668,0.3572937343875577,0.425531914893617,0.5638297872340425,0.7127659574468085,0.3404255319148936,0.48936170212765956,0.6170212765957447,0.2871287128712871,0.3465346534653465,0.46534653465346537,13.38284358697824,14.990560862572192,16.836338522191042,25.25,25.25,25.25,101.0,101.0,101.0,0.15202468676056502,0.18272394890616217,0.20065265799189813,0.5498135410304332,0.7195585114454136,0.8961652547705442
bayes-seed43,large_square,collision,33,0.08157192770046338,0.24009223736865215,0.335271152852329,0.2608695652173913,0.35714285714285715,0.5,0.2608695652173913,0.35714285714285715,0.5,0.23333333333333334,0.3181818181818182,0.4,2.613823240001169,3.2264557555475704,4.128977388255513,4.0,5.25,6.0,16.0,21.0,24.0,-0.05182335731864829,-0.019266398225565307,-0.0017593408151772572,0.36899382293936134,0.5059787280204693,0.7077226336140298
